<?xml version="1.0" encoding="utf-8"?>
<Groups clsid="{3125E937-EB16-4b4c-9934-544FC6D24D26}"><Group clsid="{6D4A79E4-529C-4481-ABD0-F5BD7EA93BA7}" name="FSlogix Profile Exclude List" image="0" changed="2023-09-11 04:45:06" uid="{77853448-BB17-4B49-9DC0-BC5BA12A59D2}"><Properties action="C" description="" deleteAllUsers="0" deleteAllGroups="0" removeAccounts="0" groupSid="" groupName="FSlogix Profile Exclude List"><Members><Member name="AVD\Domain Admins" action="ADD" sid="S-1-5-21-2350282482-2545298224-152177477-512"/></Members></Properties></Group>
	<Group clsid="{6D4A79E4-529C-4481-ABD0-F5BD7EA93BA7}" name="FSlogix ODFC Exclude List" image="0" changed="2023-09-11 04:45:02" uid="{BB8F3112-56DE-493A-BAE3-847A1805A0C0}"><Properties action="C" description="" deleteAllUsers="0" deleteAllGroups="0" removeAccounts="0" groupSid="" groupName="FSlogix ODFC Exclude List"><Members><Member name="AVD\Domain Admins" action="ADD" sid="S-1-5-21-2350282482-2545298224-152177477-512"/></Members></Properties></Group>
</Groups>
