<BackupInst xmlns="http://www.microsoft.com/GroupPolicy/GPOOperations/Manifest"><GPOGuid><![CDATA[{8CDBB61D-D678-4A63-BB7A-566D5D50E3C9}]]></GPOGuid><GPODomain><![CDATA[avd.local]]></GPODomain><GPODomainGuid><![CDATA[{78d7f17c-ca6b-429a-80ca-e2081e96e034}]]></GPODomainGuid><GPODomainController><![CDATA[AVDDC.avd.local]]></GPODomainController><BackupTime><![CDATA[2023-09-11T04:45:37]]></BackupTime><ID><![CDATA[{9DCB5E1C-1000-492B-8C16-5049B265F750}]]></ID><Comment><![CDATA[FSLogix`s GPO]]></Comment><GPODisplayName><![CDATA[C-FSlogix]]></GPODisplayName></BackupInst>
